Peptide Sequences,Binding Affinities
LEEIHKLFNPPRKPSY,107.233
SAIPRVIPFVGTDLRE,95.748
SDKLEFIPFVGARLTK,85.979
PEEIKKIKFLKSIPGS,101.295
PEEVKKVKQPEYEPGS,87.765
PEEVHKIKQSESYPGS,88.68
STSAIMNAFKGYYLGE,94.861
SNAVHKILQDAFVPAD,98.012
HVNCDWPTGPVQ,0.7310326821571348
DHWQDGVHLRHN,0.4077387476300839
VKSQQIKAVPYK,0.3076440256697862
FQNTLMETGTMK,0.5032681318751466
RFDFYLMMNFHW,0.8068725163328005
SPWMQLVYIESH,0.7745562885841657
KIDEGKEPGNHK,0.5937332246708429
WWYYYDLADGQC,0.6761450917060264
CHQYMKLIFYCW,0.7030255125872331
TCQWECIPFIMN,0.5016303276631688
SMYDSAKKAGQQ,0.6066338233990999
EEDGHRKAMCNS,0.9992000057390574
WYSGTGLHYYYG,0.9968722420918487
YQLEQVWWIYMH,0.7440554859953041
NARLTTQHGFCQ,0.8219278276986427
GENAYYWSYGAQ,0.5654699355539421
PSGRQSGHWIWG,0.8168927133134236
HDEFNVPIDNQW,0.2836686487546065
MRTLRMDFGWYE,0.1992003075314529
DYVRGKLWACIG,0.6462117939975187
YANIWLTLWGLD,0.09938533982715236
GNNWNNEYCWLM,0.5587997268555246
GPQAWMLPDQYC,0.04681153951564587
EIHNNTGLEQWF,0.872497947521956
EKNCFHSAHFSK,0.3801051637872801
EGPTNRGAFEIY,0.8185997317301656
WLAQEPGMCHDI,0.502117611979741
DFAGRAHRHNHF,0.17476300082680396
NVCKVETVLAKF,0.8273826728234825
GEWDMMPPIFAY,0.2139873690572972
VIIYDVAGLRFV,0.8913567137707915
VYCDGAVETMWK,0.23781447315379634
YGVSDSMMKCTC,0.8732966588744746
CQRITTGECQIW,0.5392611005802312
IWMCIFKDSDHQ,0.9409607276070536
KGMFDNASRFVM,0.9630656554971964
FKQLEDAMDPIQ,0.5320231445765833
GTMQPYKRDYVE,0.418252993604307
CKRYRCTVSFAI,0.2578807007647046
AKANNEYDQHLK,0.3371299596102416
EHLAVMSVQIVF,0.20640445735564394
HRKLHWCYITDL,0.33587627684878396
HMWSEGFVRIHF,0.003054818708855711
VYKAPAFQDHSS,0.22002229135679385
VNCWEHYMKLHD,0.9915341625663823
HDKCNQYDSTIP,0.1106898289835776
SRSRSVSYHWED,0.6170070706291753
HSYETPCFQRDH,0.5059277075068358
GQVNENRMMMWN,0.027604268954820044
EAKQNDFWRQKH,0.42951286367138664
AFNGIAVCMWYK,0.7348046220462262
DFPSSYREWSFN,0.17747321609264144
DDAQPQVWCKQM,0.6087861310938486
